name,employeeId,role,branch,phone,tlName,managerName,reason
Beauty Chodhery,290,Agent,Delhi,9717674612,,,no code or name candidate in callby
(Gudiya)Anjali,RM-0076,Agent,Delhi,9310767886,,,no code or name candidate in callby
Bharat Goswami,964,AGM,Delhi,8527193995,,,no code or name candidate in callby
Rinky,432,Agent,Delhi,9335355889,,,no code or name candidate in callby
Himanshu Verma,576,TEAM LEADER,Delhi,9212131233,,,no code or name candidate in callby
Tanu,RM-0045,Agent,Delhi,9355170574,,,no code or name candidate in callby
Aachal Chaturvedi,RM-0098,Agent,Delhi,8448306374,,,no code or name candidate in callby
Jyoti Gautam,1051,Agent,Delhi,9289415086,,,no code or name candidate in callby
Lucky Tanwar,275,Agent,Delhi,7217767823,,,no code or name candidate in callby
Khushi Afterservice,RM-0122,CUSTOMER SUPPORT,Delhi,9643230280,,,no code or name candidate in callby
Sheetal Rathour,512,Agent,Delhi,9354232491,,,no code or name candidate in callby
Farheen Ansari,547,Agent,Delhi,7056457004,,,no code or name candidate in callby
Mushkan Sharma - External,559,TEAM LEADER,Delhi,8527541877,,,no code or name candidate in callby
Sushma AfterService,,Agent,Delhi,9355006021,,,no code or name candidate in callby
Rahul Gupta,,Agent,Delhi,9311545060,,,no code or name candidate in callby
Rajesh Sahu,628,Agent,Delhi,8743833878,,,no code or name candidate in callby
Ryan,,Agent,Delhi,9643809035,,,no code or name candidate in callby
Nitesh,,Agent,Delhi,9990018137,,,no code or name candidate in callby
Khushboo,,Agent,Delhi,8742914820,,,no code or name candidate in callby
PRACHI JADHAV,1053,Agent,Delhi,9082671652,,,no code or name candidate in callby
Rahul,31,PATIENT CALLING,Delhi,1111111111,,,no code or name candidate in callby
Ayush srivastav,700,Agent,Delhi,8595382355,,,no code or name candidate in callby
manmeet,,Agent,Delhi,9818746316,,,no code or name candidate in callby
Rishabh,1060,Agent,Delhi,8787878787,,,no code or name candidate in callby
Bhoomika Mehta,863,Agent,Delhi,9717067547,,,no code or name candidate in callby
Hemant,1052,Agent,Delhi,7011838711,,,no code or name candidate in callby
Kartik Kaushal,1036,Agent,Delhi,9311079177,,,no code or name candidate in callby
Kashish Waris,1015,Agent,Delhi,8851498657,,,no code or name candidate in callby
Nancy Pateriaya,922,Agent,Delhi,7580992054,,,no code or name candidate in callby
Prabhjot,897,Agent,Delhi,7835904952,,,no code or name candidate in callby
Rukhsar,1026,Agent,Delhi,8860733585,,,no code or name candidate in callby
Sufiyan,615,BDE,Delhi,7037170762,,,no code or name candidate in callby
Himanshi,RM-0134,Agent,Delhi,9718299194,,,no code or name candidate in callby
Shama Nilofar,584,Agent,Delhi,9310954658,,,no code or name candidate in callby
Himanshi Chouhan,650,Agent,Delhi,9310517194,,,no code or name candidate in callby
Harsh Kumar,740,Agent,Delhi,9990647635,,,no code or name candidate in callby
Kiran Sharma,831,Agent,Delhi,8750116723,,,no code or name candidate in callby
Vansh Kumar,934,Agent,Delhi,9718688350,,,no code or name candidate in callby
Ashu Kumar,954,Agent,Delhi,7703900134,,,no code or name candidate in callby
Manisha,997,Agent,Delhi,9811547639,,,no code or name candidate in callby
Abhishek,1014,Agent,Delhi,9634938655,,,no code or name candidate in callby
Manisha Negi,1016,SALES MANAGER,Delhi,9643296140,,,no code or name candidate in callby
Jyoti Kumari Telecaller,842,Agent,Delhi,4561237890,,,no code or name candidate in callby
Khushboo Telecaller,949,Agent,Delhi,9874563210,,,no code or name candidate in callby
Kunal Sharma,1042,Agent,Delhi,,,,no code or name candidate in callby
Chirag Suri,1071,SALES MANAGER,Delhi,,,,no code or name candidate in callby
Shashank Chauhan,1067,Agent,Delhi,,,,no code or name candidate in callby
Veenit Kumar,1064,Agent,Delhi,,,,no code or name candidate in callby
Tannnu Nirwan,1066,Agent,Delhi,,,,no code or name candidate in callby
Sudhanshu,,Agent,Delhi,9558054826,,,no code or name candidate in callby
tanushree,1028,Agent,Delhi,8285520882,,,no code or name candidate in callby
Vineet,,Agent,Delhi,7827465027,,,no code or name candidate in callby
Bhumi,,Agent,Delhi,9717067547,,,no code or name candidate in callby
Mannat,1087,Agent,Delhi,8447605730,,,no code or name candidate in callby
Sudha,1111,Agent,Delhi,9810535177,,,no code or name candidate in callby
Abhijeet,1101,Agent,Delhi,8929055642,,,no code or name candidate in callby
bhumika,1099,Agent,Delhi,8929929395,,,no code or name candidate in callby
Harshita02,,Agent,Delhi,9266312102,,,no code or name candidate in callby
abhijeet kumar,,Agent,Delhi,8929055642,,,no code or name candidate in callby
Raunak singh,,Agent,Delhi,7678301637,,,no code or name candidate in callby
aniket saktet,,Agent,Delhi,7011267901,,,no code or name candidate in callby
kunal sharma,,Agent,Delhi,7048914416,,,no code or name candidate in callby
aditya singh,,Agent,Delhi,8810267892,,,no code or name candidate in callby
